,zipcode,schoolNames,rankMovements,lats,longs,countyNames,rankLevels,schoolids,averageStandardScores22,ranks22,rankStatewidePercentages22,averageStandardScores21,ranks21,rankStatewidePercentages21,averageStandardScores19,averageStandardScores18,ranks19,ranks18,rankStatewidePercentages19,rankStatewidePercentages18,spendingPerStudents21,spendingPerStudents20,spendingPerStudents19
0,78602,Bastrop High School,-105.0,30.117982,-97.311598,Bastrop County,High,480957000409,30.12612,1344.0,28.36,34.16063,1239.0,33.42,35.89121,37.414,1227.0,1104.0,33.93,38.56,10814.0,10749.0,9696.0
1,78602,Bastrop Middle,-20.0,30.112805,-97.34301,Bastrop County,Middle,480957000410,33.7633,1514.0,32.83,33.31015,1494.0,33.66,27.96476,27.56096,1665.0,1600.0,24.08,23.08,9621.0,9186.0,8659.0
2,78602,Bluebonnet Elementary,-755.0,30.132427,-97.4301,Bastrop County,Elementary,480957010390,17.34277,4081.0,10.91,27.75586,3326.0,27.35,32.9835,43.07407,3151.0,2361.0,29.65,45.84,11264.0,9429.0,8586.0
3,78602,Colorado River Collegiate Academy,42.0,30.11742,-97.315688,Bastrop County,High,480957013111,93.0789,23.0,98.77,89.02025,65.0,96.51,90.14099,,53.0,,97.15,,8716.0,8635.0,8908.0
4,78602,Emile Elementary,367.0,30.106769,-97.310006,Bastrop County,Elementary,480957000408,42.61116,2580.0,43.68,33.24658,2947.0,35.63,38.03714,36.01457,2816.0,2797.0,37.13,35.83,10631.0,9782.0,9400.0
5,78612,Cedar Creek Elementary,-199.0,30.084121,-97.500006,Bastrop County,Elementary,480957002476,10.13308,4399.0,3.97,15.15267,4200.0,8.26,36.95176,36.18742,2883.0,2791.0,35.63,35.97,10268.0,9697.0,9093.0
6,78612,Cedar Creek High School,-343.0,30.13835,-97.471641,Bastrop County,High,480957012272,20.54056,1527.0,18.6,36.99134,1184.0,36.38,29.80064,33.05046,1348.0,1208.0,27.41,32.78,9747.0,9720.0,9390.0
7,78612,Cedar Creek Middle,-94.0,30.09513,-97.479935,Bastrop County,Middle,480957008692,18.41832,1964.0,12.87,20.35392,1870.0,16.96,20.50796,24.59988,1876.0,1698.0,14.46,18.37,9712.0,8836.0,8217.0
8,78621,Booker T Washington Elementary,-79.0,30.3418,-97.3654,Bastrop County,Elementary,481836001727,12.69529,4302.0,6.09,14.83249,4223.0,7.75,9.21937,11.5589,4379.0,4198.0,2.23,3.69,9489.0,10083.0,9606.0
9,78621,Elgin Elementary,253.0,30.349566,-97.379744,Bastrop County,Elementary,481836001730,21.45919,3859.0,15.76,16.50551,4112.0,10.18,19.43557,17.68154,3954.0,3919.0,11.72,10.09,10048.0,9248.0,9342.0
10,78621,Elgin High School,-219.0,30.366377,-97.404222,Travis County,High,481836001728,19.42761,1552.0,17.27,29.378,1333.0,28.37,26.72032,28.57291,1414.0,1313.0,23.86,26.93,10776.0,10880.0,10836.0
11,78621,Elgin Middle,44.0,30.358686,-97.386889,Bastrop County,Middle,481836001729,21.23652,1900.0,15.71,17.9122,1944.0,13.68,19.3114,21.12797,1903.0,1783.0,13.22,14.28,10389.0,8944.0,9367.0
12,78621,Neidig Elementary,-1221.0,30.3606,-97.4083,Travis County,Elementary,481836010393,19.20317,3988.0,12.94,36.32757,2767.0,39.56,16.63061,14.6064,4080.0,4079.0,8.91,6.42,10713.0,10418.0,10184.0
13,78621,Phoenix High School,-17.0,30.36737,-97.40594,Travis County,High,481836008426,1.37884,1874.0,0.11,1.533,1857.0,0.21,4.42791,3.61201,1757.0,1747.0,5.39,2.78,11597.0,17261.0,10332.0
14,78650,McDade Elementary,-1186.0,30.283488,-97.239533,Bastrop County,Elementary,482976003351,33.97164,3125.0,31.78,51.99912,1939.0,57.65,56.73726,49.88008,1676.0,1997.0,62.58,54.19,10623.0,9930.0,9547.0
15,78650,McDade High School,-202.0,30.283488,-97.239533,Bastrop County,High,482976013256,33.31548,1269.0,32.36,42.42294,1067.0,42.67,,,,,,,13470.0,13761.0,10412.0
16,78662,Red Rock Elementary,151.0,29.958825,-97.451251,Bastrop County,Elementary,480957008693,19.66732,3963.0,13.49,16.48424,4114.0,10.14,15.8409,26.27546,4116.0,3437.0,8.1,21.15,11004.0,10833.0,9031.0
17,78957,Smithville Elementary,-1095.0,30.008766,-97.149086,Bastrop County,Elementary,484055004589,48.2432,2257.0,50.73,69.01338,1162.0,74.62,40.0118,36.92072,2684.0,2751.0,40.08,36.89,16046.0,10061.0,9594.0
18,78957,Smithville High School,-215.0,29.998,-97.1662,Bastrop County,High,484055004590,40.1801,1111.0,40.78,49.62314,896.0,51.85,48.49475,39.01685,902.0,1070.0,51.43,40.46,10728.0,11043.0,11236.0
19,78957,Smithville J H,-312.0,29.996394,-97.166314,Bastrop County,Middle,484055004591,40.41651,1320.0,41.44,50.78474,1008.0,55.24,48.81845,42.66455,1031.0,1158.0,52.99,44.33,11189.0,10235.0,10684.0
20,78610,Alter Impact Center,-46.0,30.094632,-97.891158,Hays County,High,480001006990,7.31753,1753.0,6.56,9.418,1707.0,8.28,7.19846,,2125.0,,3.1,,137935.0,31330.0,32270.0
21,78610,Buda Elementary,36.0,30.095164,-97.820826,Hays County,Elementary,480001007343,68.19921,1220.0,73.37,67.08559,1256.0,72.56,49.76513,45.42546,2061.0,2223.0,53.99,49.0,10295.0,9538.0,8996.0
22,78610,Carpenter Hill Elementary,-15.0,30.097023,-97.89668,Hays County,Elementary,480001011534,89.95657,355.0,92.25,91.42539,340.0,92.57,87.72081,83.02751,413.0,591.0,90.78,86.44,9302.0,8282.0,7608.0
23,78610,Creedmoor Elementary,743.0,30.091073,-97.720692,Travis County,Elementary,481662011360,34.26617,3106.0,32.2,20.22316,3849.0,15.92,16.09979,15.17006,4100.0,4043.0,8.46,7.25,12954.0,12065.0,11312.0
24,78610,Dr T C McCormick Junior Middle,361.0,30.054397,-97.82404,Hays County,Middle,480001013113,50.88696,989.0,56.12,38.02601,1350.0,40.05,32.75449,,1515.0,,30.92,,8877.0,8344.0,7733.0
25,78610,Elm Grove Elementary,-117.0,30.089138,-97.87326,Hays County,Elementary,480001008838,88.53951,405.0,91.16,92.63022,288.0,93.71,84.26866,66.21619,546.0,1197.0,87.81,72.54,9285.0,8477.0,7618.0
26,78610,Eric Dahlstrom Middle,38.0,30.0973,-97.8822,Hays County,Middle,480001008836,82.02557,302.0,86.6,78.3275,340.0,84.9,81.57786,76.84456,284.0,339.0,87.05,83.7,8244.0,7986.0,7583.0
27,78610,Jack C Hays High School,198.0,30.031437,-97.889957,Hays County,High,480001005244,61.9135,562.0,70.04,55.29533,760.0,59.16,63.4754,63.64147,530.0,465.0,71.46,74.12,9702.0,8755.0,7481.0
28,78610,Live Oak Academy,98.0,30.03,-97.8898,Hays County,High,480001008835,15.11695,1611.0,14.13,9.31527,1709.0,8.17,12.81158,44.26869,1626.0,930.0,12.44,48.25,11084.0,9716.0,9794.0
29,78620,Dripping Springs Elementary,-100.0,30.216223,-98.082273,Hays County,Elementary,480000801507,81.08988,695.0,84.83,84.31833,595.0,87.0,74.26812,84.34657,902.0,545.0,79.86,87.5,9702.0,8566.0,8535.0
30,78620,Dripping Springs High School,35.0,30.197373,-98.101321,Hays County,High,480000801508,78.91586,211.0,88.75,78.38444,246.0,86.78,79.74325,80.95129,191.0,174.0,89.71,90.32,9524.0,9076.0,9242.0
31,78620,Dripping Springs Middle,24.0,30.202122,-98.115101,Hays County,Middle,480000806094,84.03577,248.0,89.0,82.34856,272.0,87.92,85.2245,88.02309,233.0,170.0,89.38,91.83,9878.0,9098.0,9075.0
32,78620,Walnut Springs Elementary,129.0,30.201033,-98.114218,Hays County,Elementary,480000806989,86.61435,483.0,89.46,83.73069,612.0,86.63,63.05747,64.09663,1361.0,1287.0,69.61,70.47,10539.0,9554.0,8640.0
33,78640,Armando Chapa Middle,459.0,30.021,-97.833,Hays County,Middle,480001010804,42.05352,1253.0,44.41,26.12148,1712.0,23.98,41.78397,30.91019,1238.0,1499.0,43.55,27.93,11091.0,9719.0,8472.0
34,78640,Camino Real Elementary,444.0,30.005036,-97.761941,Hays County,Elementary,480001010809,32.9658,3177.0,30.65,23.28784,3621.0,20.9,38.56267,24.44888,2777.0,3552.0,38.0,18.51,10534.0,9534.0,8373.0
35,78640,D J Red Simon Middle,-106.0,29.945591,-97.828637,Hays County,Middle,480001010805,12.42119,2116.0,6.12,15.72293,2010.0,10.75,18.54754,20.81308,1917.0,1788.0,12.59,14.04,10655.0,9391.0,8333.0
36,78640,Hemphill Elementary,148.0,29.943667,-97.827346,Hays County,Elementary,480001008840,39.47784,2767.0,39.6,33.7384,2915.0,36.33,29.78796,7.59941,3353.0,4294.0,25.14,1.49,11821.0,10467.0,11217.0
37,78640,Idea Kyle Academy,-384.0,29.997346,-97.863843,Hays County,Elementary,480021113700,41.5808,2646.0,42.24,45.6399,2262.0,50.59,,,,,,,8108.0,9797.0,10166.0
38,78640,Idea Kyle College Preparatory,378.0,29.997346,-97.863843,Hays County,Middle,480021113815,56.38099,828.0,63.27,43.53454,1206.0,46.45,,,,,,,9917.0,10536.0,14242.0
39,78640,Kyle Elementary,-519.0,29.9915,-97.8788,Hays County,Elementary,480001005245,46.76687,2328.0,49.18,54.40953,1809.0,60.48,41.64962,34.37522,2586.0,2917.0,42.26,33.08,10261.0,9046.0,8162.0
40,78640,Laura B Negley Elementary,0.0,30.0109,-97.8838,Hays County,Elementary,480001010806,73.77679,1000.0,78.17,72.77312,1000.0,78.16,77.47211,71.39088,795.0,970.0,82.25,77.75,9471.0,8640.0,7976.0
41,78640,Laura B Wallace Middle,139.0,29.9914,-97.8897,Hays County,Middle,480001008837,45.66974,1140.0,49.42,40.43845,1279.0,43.21,40.86593,35.30489,1261.0,1373.0,42.5,33.99,9231.0,8628.0,7767.0
42,78640,Lehman High School,10.0,29.9952,-97.84763,Hays County,High,480001009624,33.7254,1254.0,33.16,32.69169,1264.0,32.08,43.51797,38.90623,1040.0,1073.0,44.0,40.29,9864.0,9391.0,7676.0
43,78666,Blanco Vista Elementary,69.0,29.946645,-97.896218,Hays County,Elementary,480001010808,61.4882,1536.0,66.47,58.3382,1605.0,64.94,47.39128,49.35782,2193.0,2020.0,51.04,53.66,9510.0,8742.0,8302.0
44,78666,Bowie Elementary,-12.0,29.820911,-97.94143,Hays County,Elementary,483897004448,22.2615,3826.0,16.48,20.57457,3814.0,16.69,27.54282,25.51842,3492.0,3485.0,22.04,20.05,11797.0,11577.0,10602.0
45,78666,Crockett Elementary,80.0,29.885604,-97.961547,Hays County,Elementary,483897004449,55.85331,1819.0,60.29,52.71735,1899.0,58.52,54.7881,56.94954,1771.0,1632.0,60.46,62.56,10379.0,10602.0,9511.0
46,78666,Dezavala Elementary,55.0,29.856159,-97.935145,Hays County,Elementary,483897006322,22.97839,3785.0,17.38,20.31836,3840.0,16.12,23.82672,21.60793,3699.0,3712.0,17.41,14.84,10469.0,10621.0,10411.0
47,78666,Goodnight Middle,-270.0,29.858464,-97.937067,Hays County,Middle,483897004450,15.06176,2045.0,9.27,23.72162,1775.0,21.18,30.18364,27.77851,1598.0,1595.0,27.13,23.32,9838.0,9913.0,9222.0
48,78666,Hernandez Elementary,35.0,29.865699,-97.968347,Hays County,Elementary,483897004451,58.46797,1678.0,63.37,56.27536,1713.0,62.58,36.55614,41.48701,2911.0,2449.0,35.01,43.82,11055.0,12281.0,11587.0
49,78666,Jhw Inspire Academy - Hays County,230.0,29.832063,-97.945788,Hays County,High,480005309121,20.617,1526.0,18.66,6.46769,1756.0,5.64,10.75576,,2086.0,,4.88,,26329.0,14010.0,17726.0
50,78676,Danforth J H,-89.0,30.003071,-98.113491,Hays County,Middle,480000907342,76.80242,374.0,83.41,81.48555,285.0,87.34,81.47614,80.17814,286.0,283.0,86.96,86.39,9115.0,8876.0,8626.0
51,78676,Jacob's Well Elementary,-835.0,30.019254,-98.144719,Hays County,Elementary,480000905246,62.00603,1518.0,66.86,81.9005,683.0,85.08,64.77622,62.26744,1277.0,1381.0,71.49,68.32,9442.0,8308.0,7918.0
52,78676,Katherine Anne Porter School,476.0,30.002943,-98.106904,Hays County,High,480013208279,65.40115,487.0,74.04,46.88879,963.0,48.25,49.49367,58.26954,873.0,615.0,52.99,65.78,11676.0,10334.0,11336.0
53,78676,Wimberley High School,100.0,30.005117,-98.117104,Hays County,High,480000906198,73.02837,316.0,83.16,70.08121,416.0,77.65,70.08687,62.42395,372.0,506.0,79.97,71.84,11821.0,11108.0,10248.0
54,78737,Rooster Springs Elementary,231.0,30.1922,-97.9829,Hays County,Elementary,480000811280,90.29619,344.0,92.49,85.03891,575.0,87.44,77.6286,79.01724,789.0,710.0,82.38,83.71,9125.0,8205.0,8247.0
55,78737,Sycamore Springs Elementary,16.0,30.178573,-98.000246,Hays County,Elementary,480000813086,87.82271,434.0,90.53,88.65567,450.0,90.17,79.73145,,715.0,,84.04,,8448.0,8089.0,7803.0
56,78737,Sycamore Springs Middle,37.0,30.178573,-98.000246,Hays County,Middle,480000813151,92.84355,97.0,95.7,91.54769,134.0,94.05,88.9851,,171.0,,92.2,,8854.0,8643.0,8240.0
57,78616,Alma Brewer Strawn Elementary,-288.0,30.001068,-97.618625,Caldwell County,Elementary,482787013361,36.79185,2946.0,35.69,38.28684,2658.0,41.94,19.72279,,3938.0,,12.08,,10526.0,9620.0,8775.0
58,78644,Bluebonnet Elementary,-436.0,29.879146,-97.69505,Caldwell County,Elementary,482787010471,32.79276,3197.0,30.21,36.42755,2761.0,39.69,16.73628,18.35279,4074.0,3892.0,9.04,10.71,10232.0,9637.0,9156.0
59,78644,Clear Fork Elementary,347.0,29.8753,-97.6825,Caldwell County,Elementary,482787003127,55.77555,1824.0,60.18,47.4385,2171.0,52.58,27.65461,28.90106,3483.0,3250.0,22.24,25.44,10186.0,9015.0,8684.0
60,78644,Lockhart High School,-319.0,29.872823,-97.677491,Caldwell County,High,482787003123,18.74451,1564.0,16.63,33.71196,1245.0,33.1,22.83531,26.75684,1483.0,1350.0,20.14,24.87,9694.0,9312.0,9148.0
61,78644,Lockhart J H,-14.0,29.87377,-97.701272,Caldwell County,Middle,482787008716,28.64135,1678.0,25.55,27.54415,1664.0,26.11,25.56279,25.50176,1747.0,1667.0,20.34,19.86,8701.0,8063.0,7878.0
62,78644,Navarro Elementary,-801.0,29.873018,-97.681008,Caldwell County,Elementary,482787003124,25.81689,3616.0,21.07,35.56008,2815.0,38.51,22.62584,21.81225,3770.0,3701.0,15.83,15.1,9812.0,9432.0,9185.0
63,78644,Pegasus School,-219.0,29.836658,-97.682258,Caldwell County,High,480025912947,22.71341,1491.0,20.52,32.16623,1272.0,31.65,,,,,,,18733.0,17574.0,17864.0
64,78644,Plum Creek Elementary,149.0,29.892364,-97.666093,Caldwell County,Elementary,482787006293,53.42857,1960.0,57.21,48.5778,2109.0,53.93,39.83968,39.51776,2696.0,2584.0,39.81,40.72,10754.0,9444.0,9183.0
65,78648,Gilbert Gerdes J H,119.0,29.678862,-97.65395,Caldwell County,Middle,482859006141,27.36828,1722.0,23.6,21.05523,1841.0,18.25,15.57399,15.54449,1988.0,1918.0,9.35,7.79,9752.0,9535.0,10541.0
66,78648,Leonard Shanklin Elementary,-286.0,29.676731,-97.655531,Caldwell County,Elementary,482859003238,37.9662,2863.0,37.5,39.72035,2577.0,43.71,16.67989,13.40689,4076.0,4131.0,9.0,5.23,9023.0,8482.0,8943.0
67,78648,Luling High School,208.0,29.677746,-97.654091,Caldwell County,High,482859003239,35.10931,1228.0,34.54,24.56468,1436.0,22.84,30.50762,37.70353,1334.0,1097.0,28.16,38.95,9948.0,10451.0,10059.0
68,76527,Florence Elementary,-1635.0,30.84527,-97.793701,Williamson County,Elementary,481932001790,29.00268,3423.0,25.28,54.81805,1788.0,60.94,36.21386,33.1596,2939.0,2997.0,34.38,31.25,11882.0,10321.0,9795.0
69,76527,Florence High School,32.0,30.830934,-97.794784,Williamson County,High,481932001791,27.66056,1384.0,26.23,25.5466,1416.0,23.91,26.44373,34.44013,1419.0,1178.0,23.59,34.45,13117.0,12984.0,12776.0
70,76527,Florence Middle,-43.0,30.832146,-97.791149,Williamson County,Middle,481932021552,32.17867,1555.0,31.01,32.57957,1512.0,32.86,32.87041,31.48406,1508.0,1476.0,31.24,29.04,12036.0,11643.0,11551.0
71,76537,Igo Elementary,-561.0,30.797532,-97.595162,Williamson County,Elementary,482460013973,6.50673,4523.0,1.27,18.75144,3962.0,13.46,,,,,,,8951.0,7711.0,
72,76537,Jarrell Elementary,141.0,30.809699,-97.591393,Williamson County,Elementary,482460002755,24.89092,3661.0,20.08,20.66583,3802.0,16.95,,,,,,,9535.0,10531.0,9413.0
73,76537,Jarrell High School,-150.0,30.818644,-97.62837,Williamson County,High,482460002756,23.02296,1484.0,20.9,29.346,1334.0,28.32,35.94137,43.83956,1223.0,942.0,34.14,47.58,10600.0,11486.0,10153.0
74,76537,Jarrell Middle,131.0,30.82932,-97.606621,Williamson County,Middle,482460007492,35.00084,1474.0,34.61,29.33089,1605.0,28.73,25.82482,30.64101,1738.0,1505.0,20.75,27.64,9802.0,10011.0,9421.0
75,76574,Legacy Early College High School,-124.0,30.571898,-97.409429,Williamson County,High,484228013845,71.85867,342.0,81.77,80.00632,218.0,88.29,,,,,,,8008.0,7394.0,10407.0
76,76574,Main Street Intermediate,-1203.0,30.594682,-97.415334,Williamson County,Elementary,484228006048,12.88424,4293.0,6.29,31.23362,3090.0,32.5,31.27494,36.3512,3258.0,2783.0,27.26,36.16,11055.0,10222.0,10505.0
77,76574,Taylor High School,-57.0,30.548148,-97.431017,Williamson County,High,484228004808,16.81227,1586.0,15.46,19.77492,1529.0,17.84,29.59573,40.82879,1355.0,1029.0,27.03,42.74,12303.0,11413.0,12065.0
78,76574,Taylor Middle,-129.0,30.598763,-97.428583,Williamson County,Middle,484228004809,18.31014,1971.0,12.56,20.98008,1842.0,18.21,33.94657,24.51108,1488.0,1701.0,32.15,18.22,10823.0,9479.0,10088.0
79,76578,Thrall Elementary,125.0,30.587652,-97.295048,Williamson County,Elementary,484266004871,86.62786,482.0,89.48,83.8416,607.0,86.74,57.06761,54.23102,1658.0,1773.0,62.98,59.33,10426.0,9204.0,9228.0
80,76578,Thrall High School,88.0,30.589694,-97.295725,Williamson County,High,484266004872,62.45617,551.0,70.63,60.20673,639.0,65.66,75.99994,62.48813,260.0,500.0,86.0,72.18,11927.0,12081.0,11033.0
81,76578,Thrall Middle,-35.0,30.587652,-97.295048,Williamson County,Middle,484266009435,83.74424,253.0,88.78,85.77262,218.0,90.32,78.36774,68.20239,336.0,501.0,84.68,75.91,9991.0,9826.0,9973.0
82,78613,Ada Mae Faubion Elementary,277.0,30.488548,-97.831385,Williamson County,Elementary,482703003041,52.83131,1993.0,56.49,45.53079,2270.0,50.42,52.70997,48.19748,1887.0,2078.0,57.87,52.33,12328.0,8178.0,9593.0
83,78613,Artie L Henry Middle,-71.0,30.521626,-97.788545,Williamson County,Middle,482703009439,72.60184,452.0,79.95,76.15974,381.0,83.08,90.72626,92.30231,144.0,107.0,93.43,94.86,8537.0,6664.0,7966.0
84,78613,C C Mason Elementary,75.0,30.520801,-97.855599,Williamson County,Elementary,482703007099,56.26426,1794.0,60.84,53.29907,1869.0,59.17,49.7097,46.38842,2070.0,2168.0,53.78,50.26,11289.0,8789.0,9796.0
85,78613,Cedar Park High School,82.0,30.471867,-97.843371,Williamson County,High,482703008089,81.86007,167.0,91.1,78.138,249.0,86.62,76.08313,77.58581,258.0,217.0,86.11,87.92,9654.0,7832.0,8929.0
86,78613,Cedar Park Middle,-74.0,30.475099,-97.83588,Williamson County,Middle,482703003043,79.74502,333.0,85.23,82.85312,259.0,88.5,94.46654,92.62471,84.0,99.0,96.17,95.24,8571.0,6698.0,7978.0
87,78613,Cypress Elementary,-183.0,30.465382,-97.835965,Williamson County,Elementary,482703005587,79.54582,772.0,83.15,84.47381,589.0,87.13,85.5941,75.31717,492.0,829.0,89.02,80.98,10431.0,7735.0,8310.0
88,78613,Deer Creek Elementary,141.0,30.482616,-97.852919,Travis County,Elementary,482703011111,82.79568,644.0,85.94,78.62457,785.0,82.85,94.88953,82.59449,174.0,602.0,96.12,86.19,9046.0,6787.0,8028.0
89,78615,Coupland Elementary,-1029.0,30.453691,-97.390717,Williamson County,Elementary,481542001119,37.79161,2874.0,37.26,53.76964,1845.0,59.7,,,,,,,11186.0,10437.0,9811.0
90,78626,Annie Purl Elementary,-675.0,30.627471,-97.665842,Williamson County,Elementary,482060002072,8.38433,4476.0,2.29,20.6782,3801.0,16.97,9.85312,8.99471,4358.0,4276.0,2.7,1.9,12520.0,10871.0,10431.0
91,78626,Carver Elementary,-336.0,30.588929,-97.661364,Williamson County,Elementary,482060002069,50.95099,2106.0,54.03,55.19986,1770.0,61.34,23.95651,36.74324,3690.0,2759.0,17.62,36.71,10649.0,9019.0,8489.0
92,78626,Charles A Forbes Middle,-142.0,30.661663,-97.648696,Williamson County,Middle,482060009099,43.08089,1226.0,45.61,47.63551,1084.0,51.87,31.67448,31.40478,1559.0,1479.0,28.91,28.89,11534.0,10711.0,10882.0
93,78626,East View High School,-202.0,30.642005,-97.618821,Williamson County,High,482060008083,27.01253,1398.0,25.48,36.41308,1196.0,35.73,30.24935,36.70762,1341.0,1126.0,27.79,37.34,9947.0,9540.0,9429.0
94,78626,George Wagner Middle,-320.0,30.620955,-97.640645,Williamson County,Middle,482060013486,19.33483,1947.0,13.62,28.87204,1627.0,27.75,20.69198,,1874.0,,14.55,,9971.0,8962.0,9111.0
95,78628,Douglas Benold Middle,-72.0,30.672768,-97.688718,Williamson County,Middle,482060007487,69.51273,495.0,78.04,74.1547,423.0,81.22,63.62393,61.70515,609.0,621.0,72.23,70.14,10408.0,9365.0,8587.0
96,78628,Frost Elementary,-800.0,30.669967,-97.688314,Williamson County,Elementary,482060006263,12.9632,4291.0,6.33,25.18634,3491.0,23.74,20.6119,21.6654,3884.0,3708.0,13.28,14.93,14136.0,11877.0,11182.0
97,78628,Gateway Technical High School,106.0,30.663109,-97.690338,Williamson County,High,480023512289,59.68787,611.0,67.43,57.22979,717.0,61.47,61.71826,56.96816,576.0,637.0,68.98,64.55,5138.0,5740.0,6427.0
98,78628,Georgetown Charter Academy,-347.0,30.683938,-97.687752,Williamson County,Elementary,480007612905,39.79564,2751.0,39.95,42.83241,2404.0,47.49,,,,,,,9034.0,11945.0,14036.0
99,78628,James Tippit Middle,-84.0,30.615343,-97.699514,Williamson County,Middle,482060002070,31.98684,1563.0,30.66,33.89083,1479.0,34.33,17.6261,25.08629,1945.0,1680.0,11.31,19.23,11436.0,10774.0,10694.0
100,78628,Parkside Elementary,-55.0,30.577989,-97.770703,Williamson County,Elementary,482703012218,86.48896,489.0,89.33,89.05888,434.0,90.52,89.9592,89.26475,342.0,376.0,92.36,91.37,9013.0,6824.0,7860.0
101,78628,Raye McCoy Elementary,-448.0,30.693682,-97.705586,Williamson County,Elementary,482060007490,62.20747,1510.0,67.04,71.24292,1062.0,76.8,63.22842,74.09233,1348.0,873.0,69.9,79.97,11365.0,10350.0,9505.0
102,78628,Wolf Ranch Elementary,-295.0,30.626421,-97.710642,Williamson County,Elementary,482060007489,54.24415,1916.0,58.18,57.8334,1621.0,64.59,40.01906,35.58835,2683.0,2830.0,40.1,35.08,10355.0,10850.0,11702.0
103,78634,Benjamin Doc Kerley Elementary,-224.0,30.551052,-97.589961,Williamson County,Elementary,482410013699,52.53084,2013.0,56.06,54.75948,1789.0,60.92,,,,,,,9272.0,7299.0,
104,78634,Cottonwood Creek Elementary,-167.0,30.556468,-97.552509,Williamson County,Elementary,482410011368,37.85774,2872.0,37.31,37.56496,2705.0,40.91,44.85284,42.39789,2359.0,2404.0,47.33,44.85,10837.0,8345.0,9680.0
105,78634,Farley Middle,-275.0,30.51616,-97.543001,Williamson County,Middle,482410012021,35.27176,1463.0,35.09,44.11347,1188.0,47.25,52.16288,55.15023,916.0,777.0,58.23,62.64,9285.0,7103.0,8530.0
106,78634,Howard Norman Elementary,-485.0,30.518752,-97.557689,Williamson County,Elementary,482410013207,47.66696,2283.0,50.16,54.60728,1798.0,60.73,50.35041,,2020.0,,54.9,,11367.0,7776.0,8639.0
107,78634,Hutto Elementary,-433.0,30.550549,-97.538947,Williamson County,Elementary,482410002685,48.23595,2258.0,50.71,54.12383,1825.0,60.14,41.58212,45.77072,2589.0,2203.0,42.2,49.46,9612.0,8345.0,10263.0
108,78634,Hutto High School,-255.0,30.536524,-97.562299,Williamson County,High,482410002686,45.50335,984.0,47.55,56.79158,729.0,60.83,58.66692,56.73176,660.0,643.0,64.46,64.22,9475.0,8063.0,9151.0
109,78634,Hutto Middle,112.0,30.552669,-97.553231,Williamson County,Middle,482410008411,54.96793,879.0,61.0,51.32919,991.0,55.99,51.92004,60.01907,921.0,654.0,58.0,68.56,8992.0,7663.0,8902.0
110,78634,Nadine Johnson Elementary,647.0,30.534783,-97.558873,Williamson County,Elementary,482410009478,44.45162,2470.0,46.08,30.81456,3117.0,31.91,38.14681,40.89877,2805.0,2487.0,37.37,42.95,10323.0,8387.0,10974.0
111,78634,Ray Elementary,-235.0,30.513863,-97.538907,Williamson County,Elementary,482410011444,52.91242,1987.0,56.63,55.5468,1752.0,61.73,38.46663,58.08288,2782.0,1581.0,37.89,63.73,10298.0,8363.0,8778.0
112,78642,Bill Burden Elementary,561.0,30.66125,-97.889127,Williamson County,Elementary,482742011376,80.18011,743.0,83.78,66.07525,1304.0,71.52,67.82704,65.03657,1158.0,1246.0,74.15,71.42,9110.0,8898.0,8710.0
113,78642,Liberty Hill Elementary,-377.0,30.668138,-97.924891,Williamson County,Elementary,482742003084,72.60728,1050.0,77.08,82.22134,673.0,85.3,72.5101,70.25812,977.0,1021.0,78.19,76.58,11619.0,10580.0,11200.0
114,78642,Liberty Hill High School,-100.0,30.682475,-97.953559,Williamson County,High,482742003085,62.74088,547.0,70.84,68.638,447.0,75.98,64.83701,66.24935,500.0,420.0,73.07,76.63,8310.0,8628.0,8794.0
115,78642,Liberty Hill Middle,-192.0,30.661179,-97.90231,Williamson County,Middle,482742005772,60.70626,703.0,68.81,69.72493,511.0,77.31,88.36193,85.29975,180.0,201.0,91.79,90.34,7879.0,8639.0,8783.0
116,78642,Santa Rita Elementary,-358.0,30.647251,-97.844219,Williamson County,Elementary,482742014017,65.6189,1343.0,70.68,73.2039,985.0,78.48,,,,,,,9465.0,,
117,78664,C D Fulkes Middle,58.0,30.511138,-97.682097,Williamson County,Middle,483808004255,24.21414,1821.0,19.21,20.13971,1879.0,16.56,32.45518,36.27336,1520.0,1346.0,30.69,35.29,10955.0,10421.0,9758.0
118,78664,Caldwell Elementary,-498.0,30.468387,-97.655189,Travis County,Elementary,483483009412,42.29149,2600.0,43.24,48.78929,2102.0,54.08,59.37553,49.23339,1539.0,2023.0,65.64,53.59,11132.0,9689.0,9643.0
119,78664,Cedar Ridge High School,19.0,30.493231,-97.641309,Williamson County,High,483808011097,56.75279,685.0,63.49,57.79807,704.0,62.17,68.44113,69.56187,412.0,349.0,77.81,80.58,8790.0,8308.0,8174.0
120,78664,Claude Berkman Elementary,63.0,30.510694,-97.684072,Williamson County,Elementary,483808004248,13.64857,4262.0,6.96,13.36655,4325.0,5.53,40.93383,40.56891,2623.0,2510.0,41.44,42.42,12591.0,11996.0,10672.0
121,78664,Forest Creek Elementary,212.0,30.508198,-97.608115,Williamson County,Elementary,483808007495,82.82096,640.0,86.03,76.96997,852.0,81.39,86.75245,85.73108,442.0,499.0,90.13,88.55,9234.0,8502.0,7603.0
122,78681,Bluebonnet Elementary,-324.0,30.489854,-97.691599,Williamson County,Elementary,483808006315,10.39555,4389.0,4.19,17.21716,4065.0,11.21,23.3835,28.36625,3726.0,3286.0,16.81,24.62,13827.0,12495.0,11413.0
123,78681,Brushy Creek Elementary,-232.0,30.511802,-97.737776,Williamson County,Elementary,483808005802,68.98867,1193.0,73.96,73.98717,961.0,79.01,85.69389,86.08645,487.0,486.0,89.13,88.85,10710.0,9120.0,8234.0
124,78681,Cactus Ranch Elementary,1.0,30.541065,-97.721455,Williamson County,Elementary,483808009103,99.13007,16.0,99.65,99.46692,17.0,99.63,99.3487,99.29277,11.0,17.0,99.75,99.61,7629.0,7203.0,6758.0
125,78681,Chandler Oaks Elementary,79.0,30.556509,-97.732714,Williamson County,Elementary,483808011105,90.55614,328.0,92.84,89.82379,407.0,91.11,93.1248,93.31071,240.0,241.0,94.64,94.47,8952.0,7943.0,7746.0
126,78681,Chisholm Trail Middle,217.0,30.502682,-97.702571,Williamson County,Middle,483808005803,72.84397,443.0,80.35,63.0217,660.0,70.69,68.78529,76.55083,510.0,342.0,76.74,83.56,10040.0,9318.0,8813.0
127,78681,Deep Wood Elementary,338.0,30.500172,-97.697223,Williamson County,Elementary,483808004249,79.71695,763.0,83.34,70.27429,1101.0,75.95,60.92264,62.9057,1477.0,1347.0,67.02,69.1,13528.0,12618.0,10555.0
128,78681,Fern Bluff Elementary,128.0,30.516464,-97.720143,Williamson County,Elementary,483808001355,91.91239,286.0,93.76,89.68587,414.0,90.96,93.26181,93.99423,237.0,216.0,94.71,95.04,9804.0,8858.0,8359.0
129,78717,Cedar Valley Middle,45.0,30.492108,-97.734198,Williamson County,Middle,483808005611,96.36768,48.0,97.87,93.4777,93.0,95.87,94.7022,96.32254,82.0,57.0,96.26,97.26,7966.0,7824.0,7625.0
130,78717,Elsa England Elementary,39.0,30.493608,-97.750879,Williamson County,Elementary,483808012358,98.16131,51.0,98.89,97.95845,90.0,98.03,98.59448,97.32237,39.0,86.0,99.13,98.03,7503.0,6557.0,6501.0
131,78717,Patsy Sommer Elementary,3.0,30.504541,-97.751946,Williamson County,Elementary,483808011104,98.84738,24.0,99.48,99.35792,27.0,99.41,98.41314,98.72474,46.0,31.0,98.97,99.29,7442.0,7078.0,6684.0
132,78717,Pearson Ranch Middle,-16.0,30.496193,-97.749922,Williamson County,Middle,483808012299,95.28929,66.0,97.07,96.54958,50.0,97.78,92.31351,,116.0,,94.71,,8445.0,8174.0,7815.0
133,78717,Rutledge Elementary,-90.0,30.49792,-97.79333,Williamson County,Elementary,482703011113,89.62557,369.0,91.94,93.02407,279.0,93.91,94.08589,95.5719,202.0,158.0,95.49,96.38,8939.0,7081.0,8132.0
134,78729,Deerpark Middle,435.0,30.452562,-97.772945,Williamson County,Middle,483808006606,59.41045,743.0,67.04,44.27357,1178.0,47.69,66.78828,62.23907,552.0,612.0,74.83,70.58,9181.0,9089.0,8614.0
135,78729,Forest North Elementary,881.0,30.470675,-97.78187,Williamson County,Elementary,483808004250,51.78679,2052.0,55.21,33.41776,2933.0,35.93,27.17805,31.99081,3515.0,3064.0,21.52,29.71,14327.0,11403.0,10676.0
136,78729,Jollyville Elementary,-221.0,30.444326,-97.750722,Travis County,Elementary,483808002306,67.05795,1268.0,72.32,71.78511,1047.0,77.13,68.4534,51.56943,1131.0,1913.0,74.75,56.11,11867.0,10628.0,10572.0
137,78729,Live Oak Elementary,206.0,30.453703,-97.770795,Williamson County,Elementary,483808006470,51.25418,2085.0,54.49,45.15007,2291.0,49.96,44.91634,49.68898,2350.0,2005.0,47.53,54.0,9135.0,8388.0,7537.0
138,78729,McNeil High School,-97.0,30.449115,-97.732611,Travis County,High,483808006469,66.96694,460.0,75.48,72.52502,363.0,80.49,68.33492,73.20687,415.0,290.0,77.65,83.86,9050.0,8461.0,8165.0
139,78729,Pond Springs Elementary,381.0,30.446256,-97.764272,Williamson County,Elementary,483808006314,72.66251,1046.0,77.17,62.49319,1427.0,68.83,71.58266,76.65939,1003.0,791.0,77.61,81.85,12701.0,11212.0,11097.0
140,78617,Del Valle Elementary,-530.0,30.175075,-97.621592,Travis County,Elementary,481662009413,17.75531,4062.0,11.33,24.70076,3532.0,22.85,17.18584,20.88262,4046.0,3756.0,9.67,13.83,11186.0,11018.0,9940.0
141,78617,Del Valle High School,-15.0,30.1799,-97.612372,Travis County,High,481662001424,21.05165,1522.0,18.87,20.74505,1507.0,19.02,28.76406,32.34669,1369.0,1225.0,26.28,31.83,9477.0,10277.0,9827.0
142,78617,Del Valle Middle,76.0,30.173615,-97.623506,Travis County,Middle,481662001425,27.09623,1731.0,23.2,22.6252,1807.0,19.76,25.07466,26.87133,1752.0,1621.0,20.11,22.07,9541.0,9881.0,10350.0
143,78617,Del Valle Opportunity Center,-117.0,30.176336,-97.612237,Travis County,High,481662021529,2.16864,1864.0,0.64,7.16303,1747.0,6.13,2.3345,2.93098,1824.0,1773.0,1.78,1.34,40141.0,33773.0,29239.0
144,78617,Popham Elementary,420.0,30.157842,-97.643912,Travis County,Elementary,481662001426,31.77319,3269.0,28.64,22.31382,3689.0,19.42,15.02346,16.01673,4146.0,4000.0,7.43,8.24,10813.0,10612.0,9935.0
145,78641,Bagdad Elementary,-258.0,30.579271,-97.879135,Williamson County,Elementary,482703008416,32.89373,3187.0,30.43,33.48059,2929.0,36.02,46.72698,33.84477,2242.0,2952.0,49.94,32.28,12504.0,9055.0,10834.0
146,78641,Block House Creek Elementary,-461.0,30.540486,-97.831813,Williamson County,Elementary,482703006289,48.2937,2251.0,50.86,54.75674,1790.0,60.9,70.72145,73.26032,1030.0,916.0,77.0,78.99,10894.0,7522.0,8375.0
147,78641,Christine Camacho Elementary,-1185.0,30.574281,-97.858227,Williamson County,Elementary,482703013077,28.88082,3433.0,25.06,46.03932,2248.0,50.9,30.67497,35.2882,3288.0,2852.0,26.59,34.57,10210.0,8038.0,8719.0
148,78641,Florence W Stiles Middle,-23.0,30.559643,-97.791438,Williamson County,Middle,482703012611,95.25548,68.0,96.98,96.84333,45.0,98.0,95.31215,94.5349,73.0,77.0,96.67,96.3,8078.0,6407.0,7658.0
149,78641,Glenn High School,121.0,30.59897,-97.882821,Williamson County,High,482703013500,52.17277,815.0,56.56,48.20076,936.0,49.7,46.794,,943.0,,49.22,,9219.0,7726.0,9006.0
150,78645,Lago Vista High School,-223.0,30.441277,-97.978685,Travis County,High,482640002973,51.36592,843.0,55.06,61.01055,620.0,66.68,66.88906,71.03239,447.0,321.0,75.93,82.14,9555.0,,
151,78645,Lago Vista Intermediate,46.0,30.479181,-97.977013,Travis County,Elementary,482640013522,66.1103,1309.0,71.43,64.50096,1355.0,70.4,76.03014,,839.0,,81.27,,10082.0,,
152,78645,Lago Vista Middle,349.0,30.480277,-97.977381,Travis County,Middle,482640007469,73.27352,436.0,80.66,58.33057,785.0,65.14,64.02133,64.93313,605.0,562.0,72.41,72.98,9215.0,,
153,78653,Blake Manor Elementary,73.0,30.308949,-97.533178,Travis County,Elementary,482889011359,23.54322,3748.0,18.18,20.52353,3821.0,16.54,47.4597,38.93297,2191.0,2623.0,51.08,39.83,11415.0,10989.0,10062.0
154,78653,Lagos Elementary,788.0,30.331053,-97.55882,Travis County,Elementary,482889013218,38.29494,2842.0,37.96,23.14201,3630.0,20.71,54.64998,,1780.0,,60.26,,9528.0,9929.0,10624.0
155,78653,Manor Excel Academy,-2.0,30.341989,-97.550297,Travis County,High,482889007141,2.31394,1860.0,0.85,1.43996,1858.0,0.16,2.57051,3.4765,1817.0,1752.0,2.15,2.5,19259.0,24832.0,19258.0
156,78653,Manor High School,-67.0,30.353329,-97.562329,Travis County,High,482889003263,13.67846,1638.0,12.69,17.08315,1571.0,15.58,21.71381,20.70127,1505.0,1460.0,18.96,18.75,9006.0,10616.0,10263.0
157,78653,Manor Middle,36.0,30.357579,-97.562683,Travis County,Middle,482889003264,12.58303,2111.0,6.34,11.07934,2147.0,4.66,12.77602,8.74981,2059.0,2005.0,6.11,3.61,10032.0,10276.0,10110.0
158,78653,Manor New Technology High,-454.0,30.344679,-97.573504,Travis County,High,482889011568,15.15455,1610.0,14.18,38.45977,1156.0,37.88,62.40492,68.7896,555.0,365.0,70.11,79.69,10373.0,11071.0,11713.0
159,78653,Manor New Technology Middle,-489.0,30.343656,-97.574493,Travis County,Middle,482889013527,30.83533,1603.0,28.88,46.59552,1114.0,50.53,43.89546,,1179.0,,46.24,,8547.0,8538.0,9261.0
160,78653,Presidential Meadows Elementary,193.0,30.352637,-97.526189,Travis County,Elementary,482889011409,15.2443,4194.0,8.45,12.13628,4387.0,4.17,21.38186,14.02827,3843.0,4102.0,14.2,5.9,8932.0,9251.0,9041.0
161,78660,Brookhollow Elementary,-134.0,30.452449,-97.618305,Travis County,Elementary,483483007140,49.30519,2187.0,52.26,49.70871,2053.0,55.16,36.33016,63.86747,2932.0,1302.0,34.54,70.13,11138.0,9890.0,10112.0
162,78660,Cele Middle,312.0,30.458047,-97.548457,Travis County,Middle,483483012818,83.38706,271.0,87.98,66.45206,583.0,74.11,69.0004,72.98625,505.0,409.0,76.97,80.34,8893.0,8443.0,9448.0
163,78660,Dearing Elementary,-171.0,30.495446,-97.593373,Travis County,Elementary,483483012957,56.37805,1789.0,60.95,57.92821,1618.0,64.66,46.02418,52.31265,2286.0,1877.0,48.96,56.94,10431.0,9495.0,9437.0
164,78660,Harmony Science Academy-Pflugerville,-14.0,30.439272,-97.663802,Travis County,High,480024112260,44.89038,1000.0,46.7,45.57501,986.0,47.02,,,,,,,10373.0,10566.0,9767.0
165,78660,Hendrickson High School,46.0,30.464251,-97.588671,Travis County,High,483483009531,70.60564,363.0,80.65,70.42168,409.0,78.02,79.48455,77.07406,197.0,224.0,89.39,87.53,9641.0,9421.0,9305.0
166,78669,Lake Travis Middle,63.0,30.337595,-98.031072,Travis County,Middle,482647006010,87.62899,171.0,92.41,84.40496,234.0,89.61,88.69982,95.22387,175.0,72.0,92.02,96.54,9076.0,,
167,78669,Rough Hollow Elementary,-444.0,30.354713,-98.028194,Travis County,Elementary,482647013803,82.34425,658.0,85.64,94.6621,214.0,95.33,,,,,,,8757.0,,
168,78669,Spicewood Elementary,-108.0,30.469764,-98.155351,Burnet County,Elementary,482901010470,80.95942,706.0,84.59,84.13605,598.0,86.94,74.23849,61.47523,904.0,1420.0,79.82,67.42,11370.0,10163.0,10584.0
169,78669,West Cypress Hills Elementary,-617.0,30.349978,-98.084693,Travis County,Elementary,482647013021,57.76777,1708.0,62.72,70.5041,1091.0,76.17,84.98858,88.24765,523.0,415.0,88.32,90.48,9851.0,,
170,78702,Blackshear Elementary,-183.0,30.267237,-97.722184,Travis County,Elementary,480894000300,38.06049,2859.0,37.59,38.00142,2676.0,41.55,39.19633,59.7982,2732.0,1498.0,39.0,65.63,10677.0,9588.0,9738.0
171,78702,Govalle Elementary,95.0,30.263842,-97.698951,Travis County,Elementary,480894000316,10.47989,4386.0,4.26,10.05953,4481.0,2.12,15.93383,21.99054,4111.0,3694.0,8.22,15.26,14572.0,11722.0,12284.0
172,78702,Kealing Middle School,38.0,30.27111,-97.721557,Travis County,Middle,480894006207,90.7497,124.0,94.5,89.084,162.0,92.81,93.51661,95.42071,93.0,68.0,95.76,96.73,9762.0,9377.0,9751.0
173,78702,Martin Middle,25.0,30.252742,-97.729761,Travis County,Middle,480894000331,7.84535,2195.0,2.62,7.49894,2220.0,1.42,10.92089,14.66623,2083.0,1931.0,5.02,7.16,13291.0,12517.0,12624.0
174,78702,Oak Springs Elementary,28.0,30.271787,-97.70478,Travis County,Elementary,480894000340,5.32052,4548.0,0.72,5.1102,4576.0,0.04,18.57494,6.12924,3993.0,4315.0,10.85,1.01,13439.0,12690.0,12710.0
175,78703,Austin High School,-91.0,30.274013,-97.767439,Travis County,High,480894000294,69.18945,396.0,78.89,75.25701,305.0,83.61,74.5585,76.85376,287.0,232.0,84.54,87.09,9725.0,9020.0,9216.0
176,78703,Bryker Woods Elementary,4.0,30.305478,-97.750966,Travis County,Elementary,480894000305,85.00763,563.0,87.71,85.21456,567.0,87.61,92.0685,90.02027,280.0,353.0,93.75,91.9,9861.0,8644.0,9187.0
177,78703,Casis Elementary,135.0,30.304325,-97.765594,Travis County,Elementary,480894000308,96.12142,127.0,97.23,93.48444,262.0,94.28,95.69919,95.14499,134.0,176.0,97.01,95.96,11852.0,8799.0,8582.0
178,78703,Mathews Elementary,171.0,30.278332,-97.760888,Travis County,Elementary,480894000332,91.89632,287.0,93.73,88.35348,458.0,90.0,84.41692,82.66739,542.0,599.0,87.9,86.26,11398.0,9135.0,9240.0
179,78703,O Henry Middle,256.0,30.285755,-97.774089,Travis County,Middle,480894000338,68.35982,516.0,77.11,58.63045,772.0,65.72,68.79208,75.27232,508.0,365.0,76.84,82.45,10107.0,9295.0,9911.0
180,78704,Barton Hills Elementary,139.0,30.254391,-97.783394,Travis County,Elementary,480894000297,92.78473,250.0,94.54,90.2781,389.0,91.5,87.77316,94.43731,410.0,202.0,90.85,95.37,10411.0,9480.0,9076.0
181,78704,Becker Elementary,308.0,30.250532,-97.759832,Travis County,Elementary,480894000298,84.76963,576.0,87.43,75.91573,884.0,80.69,78.6476,74.64272,748.0,855.0,83.3,80.39,9746.0,8971.0,9256.0
182,78704,Dawson Elementary,-493.0,30.234204,-97.763601,Travis County,Elementary,480894000312,6.383,4526.0,1.2,17.69326,4033.0,11.9,37.75404,35.37021,2834.0,2846.0,36.73,34.71,15163.0,12946.0,12775.0
183,78704,Galindo Elementary,-637.0,30.229454,-97.771748,Travis County,Elementary,480894006509,27.3804,3519.0,23.18,34.15749,2882.0,37.05,30.56854,33.26925,3298.0,2989.0,26.37,31.43,14099.0,12139.0,11644.0
184,78704,Lively Middle,-68.0,30.243909,-97.750522,Travis County,Middle,480894000315,41.20748,1288.0,42.86,42.9617,1220.0,45.83,56.63811,53.53484,783.0,828.0,64.3,60.19,10415.0,9766.0,9648.0
185,78705,Helping Hand,-6.0,30.30235,-97.736581,Travis County,Elementary,480007112104,1.25133,4581.0,0.0,5.11267,4575.0,0.07,0.83489,,4478.0,,0.02,,23158.0,25523.0,23096.0
186,78705,Lee Elementary,-135.0,30.293424,-97.727387,Travis County,Elementary,480894000328,84.89321,567.0,87.62,89.1845,432.0,90.56,88.53976,87.61871,390.0,431.0,91.29,90.11,11257.0,9229.0,9607.0
187,78721,Eastside Memorial Echs,-32.0,30.257813,-97.681311,Travis County,High,480894012013,11.40661,1683.0,10.29,12.48385,1651.0,11.28,24.42753,15.28743,1444.0,1540.0,22.24,14.3,16318.0,16572.0,19634.0
188,78721,Idea Health Professions Academy,-562.0,30.273872,-97.674185,Travis County,Elementary,480021113954,15.95847,4161.0,9.17,23.66928,3599.0,21.38,,,,,,,13905.0,20850.0,
189,78721,Idea Health Professions College Preparatory,93.0,30.273872,-97.674185,Travis County,Middle,480021113982,44.13413,1185.0,47.43,40.44654,1278.0,43.25,,,,,,,13739.0,17007.0,
190,78721,Norman-Sims Elementary,256.0,30.278048,-97.673335,Travis County,Elementary,480894000337,17.80948,4059.0,11.39,13.52361,4315.0,5.74,44.63765,28.68201,2377.0,3264.0,46.93,25.12,14709.0,12061.0,12073.0
191,78721,Ortega Elementary,1698.0,30.270031,-97.684399,Travis County,Elementary,480894000342,54.50784,1893.0,58.68,23.7843,3591.0,21.56,44.01229,59.93942,2426.0,1488.0,45.84,65.86,13957.0,12443.0,12851.0
192,78721,The East Austin College Prep At Mlk,0.0,30.28771,-97.666701,Travis County,High,480141412881,9.97856,1708.0,8.96,9.36421,1708.0,8.22,,,,,,,12270.0,11427.0,11733.0
193,78721,The East Austin College Prep At Southwest Key,-229.0,30.287794,-97.666764,Travis County,Elementary,480141412335,13.52569,4270.0,6.79,17.56779,4041.0,11.73,26.70704,24.60597,3541.0,3548.0,20.94,18.61,8335.0,11412.0,11350.0
194,78722,Campbell Elementary,-1099.0,30.282561,-97.713839,Travis County,Elementary,480894000307,12.52688,4311.0,5.89,29.38684,3212.0,29.84,34.67087,21.61263,3041.0,3711.0,32.11,14.87,16740.0,14716.0,15098.0
195,78722,Maplewood Elementary,157.0,30.293179,-97.714748,Travis County,Elementary,480894000330,81.13708,692.0,84.89,77.04332,849.0,81.45,72.14414,65.56841,986.0,1222.0,77.99,71.97,12708.0,10337.0,10514.0
196,78722,University Of Texas At Austin High School,-232.0,30.287286,-97.723548,Travis County,High,480147313991,77.81926,243.0,87.05,94.47603,11.0,99.41,,,,,,,,,
197,78723,Andrews Elementary,-237.0,30.317783,-97.680186,Travis County,Elementary,480894000293,15.50402,4177.0,8.82,18.99402,3940.0,13.94,8.11908,18.76408,4400.0,3877.0,1.76,11.06,15077.0,11790.0,12347.0
198,78723,Austin Achieve Elementary,-293.0,30.32543,-97.678369,Travis County,Elementary,480143113800,19.04047,3998.0,12.73,22.07763,3705.0,19.07,,,,,,,11577.0,12618.0,8991.0
199,78723,Austin Achieve High School,-116.0,30.32543,-97.678369,Travis County,High,480143113981,32.07105,1297.0,30.86,37.12753,1181.0,36.54,,,,,,,10930.0,8033.0,
200,78723,Austin Achieve Middle,-15.0,30.307615,-97.67991,Travis County,Middle,480143112775,15.19291,2041.0,9.45,15.23155,2026.0,10.04,26.32797,34.46213,1724.0,1399.0,21.39,32.74,10979.0,11171.0,11892.0
201,78723,Blanton Elementary,153.0,30.307377,-97.690348,Travis County,Elementary,480894000301,63.45494,1445.0,68.46,58.48608,1598.0,65.09,64.07472,48.68047,1305.0,2057.0,70.86,52.81,10142.0,9863.0,10913.0
202,78724,Austin Discovery School,380.0,30.267791,-97.635006,Travis County,Elementary,480026511056,48.53476,2227.0,51.39,39.14958,2607.0,43.05,,,,,,,8921.0,8015.0,8089.0
203,78724,Decker Elementary,-218.0,30.311432,-97.616666,Travis County,Elementary,482889008394,9.28981,4436.0,3.17,14.87905,4218.0,7.86,38.78792,46.87284,2761.0,2145.0,38.36,50.79,11195.0,11290.0,12726.0
204,78724,Decker Middle,-147.0,30.310664,-97.621527,Travis County,Middle,482889011453,11.88176,2125.0,5.72,16.8179,1978.0,12.17,20.45333,15.46765,1877.0,1919.0,14.41,7.74,10933.0,10836.0,10611.0
205,78724,Garcia Ymla,87.0,30.31125,-97.642635,Travis County,Middle,480894013169,11.68946,2129.0,5.55,7.7574,2216.0,1.6,16.91768,18.80042,1961.0,1843.0,10.58,11.39,16781.0,14011.0,14195.0
206,78724,Hornsby-Dunlap Elementary,-644.0,30.247887,-97.587487,Travis County,Elementary,481662006534,8.90293,4459.0,2.66,20.57407,3815.0,16.67,11.9363,16.97097,4275.0,3954.0,4.55,9.29,11080.0,11272.0,11007.0
207,78724,Jordan Elementary,111.0,30.301161,-97.646833,Travis County,Elementary,480894002470,18.1308,4048.0,11.64,15.83106,4159.0,9.15,34.32003,37.7741,3075.0,2697.0,31.35,38.13,12815.0,10605.0,10692.0
208,78724,Joseph Gilbert Elementary,1186.0,30.258069,-97.593006,Travis County,Elementary,481662012601,45.8892,2382.0,48.0,24.11072,3568.0,22.06,16.67328,35.66542,4077.0,2822.0,8.98,35.26,12002.0,11064.0,10577.0
209,78724,KIPP Alegria Pri,1055.0,30.272952,-97.636143,Travis County,Elementary,480026412559,33.72596,3143.0,31.39,15.16184,4198.0,8.3,40.35141,45.6617,2659.0,2212.0,40.63,49.25,10001.0,10614.0,10651.0
210,78724,KIPP Austin Academy Of Arts & Letters,23.0,30.272952,-97.636143,Travis County,Middle,480026412305,40.5067,1318.0,41.53,38.2871,1341.0,40.45,56.21063,61.84056,800.0,620.0,63.52,70.19,11649.0,11766.0,11611.0
211,78724,KIPP Austin Vista Middle Schools,111.0,30.272952,-97.636143,Travis County,Middle,480026412849,29.9965,1628.0,27.77,25.02333,1739.0,22.78,49.29847,37.11175,1013.0,1319.0,53.81,36.59,11170.0,10385.0,10825.0
212,78725,Dailey Middle,-280.0,30.243437,-97.5898,Travis County,Middle,481662012337,15.38293,2035.0,9.72,24.61362,1755.0,22.07,18.24872,16.73862,1927.0,1895.0,12.13,8.89,10054.0,10129.0,10232.0
213,78726,Canyon Creek Elementary,-3.0,30.436935,-97.82479,Travis County,Elementary,483808008087,98.83008,26.0,99.43,99.41769,23.0,99.5,99.4363,99.58234,8.0,10.0,99.82,99.77,10550.0,9445.0,8840.0
214,78726,Grandview Hills Elementary,-287.0,30.415844,-97.853578,Travis County,Elementary,482703011434,57.55328,1722.0,62.41,62.26468,1435.0,68.65,69.33903,73.37436,1101.0,912.0,75.42,79.08,11034.0,7783.0,8901.0
215,78726,Harmony Science Academy - Cedar Park,-148.0,30.459612,-97.832247,Travis County,Elementary,480024113430,79.66864,766.0,83.28,83.6615,618.0,86.5,73.33557,,946.0,,78.88,,7589.0,9148.0,9760.0
216,78727,Davis Elementary,659.0,30.4187,-97.741532,Travis County,Elementary,480894022775,80.90117,711.0,84.48,64.14332,1370.0,70.07,62.14466,,1404.0,,68.65,,11276.0,9251.0,9174.0
217,78727,Parmer Lane Elementary,173.0,30.414805,-97.691705,Travis County,Elementary,483483005794,50.1296,2147.0,53.13,44.4999,2320.0,49.32,56.87149,77.2474,1671.0,766.0,62.69,82.43,12557.0,11331.0,11889.0
218,78727,Premier High School-Austin Wells Branch,-423.0,30.437618,-97.696912,Travis County,High,480020712092,38.97085,1144.0,39.02,57.08088,721.0,61.26,60.55203,37.24075,608.0,1111.0,67.26,38.17,10743.0,13690.0,12796.0
219,78727,Summitt Elementary,578.0,30.418476,-97.719205,Travis County,Elementary,480894000358,89.54588,372.0,91.88,74.27143,950.0,79.25,68.21463,63.72669,1138.0,1309.0,74.59,69.97,10789.0,9109.0,9476.0
220,78727,Westview Middle,-221.0,30.416792,-97.689348,Travis County,Middle,483483006596,16.90584,1995.0,11.49,23.72166,1774.0,21.23,26.14087,31.47138,1728.0,1477.0,21.2,28.99,11255.0,10890.0,11332.0
221,78728,Joe Lee Johnson Elementary,-833.0,30.456579,-97.681743,Travis County,Elementary,483808011101,33.4633,3156.0,31.11,44.44772,2323.0,49.26,42.29718,34.23694,2549.0,2924.0,43.09,32.92,9117.0,8257.0,7516.0
222,78728,Northwest Elementary,-218.0,30.431891,-97.676044,Travis County,Elementary,483483006310,25.27245,3646.0,20.41,26.21972,3428.0,25.12,15.47625,14.82844,4131.0,4062.0,7.77,6.81,14232.0,11336.0,10257.0
223,78728,Wells Branch Elementary,-272.0,30.444813,-97.686532,Travis County,Elementary,483808006166,19.61613,3965.0,13.45,22.27733,3693.0,19.33,32.04206,43.32916,3203.0,2350.0,28.49,46.09,12556.0,11511.0,10848.0
224,78730,River Place Elementary,-361.0,30.390036,-97.845224,Travis County,Elementary,482703011528,69.6572,1162.0,74.63,78.27355,801.0,82.5,78.76639,79.60157,747.0,689.0,83.32,84.19,9305.0,7109.0,7957.0
225,78731,Doss Elementary,12.0,30.356013,-97.762907,Travis County,Elementary,480894000314,94.91393,177.0,96.14,95.37944,189.0,95.87,93.21951,93.29474,239.0,243.0,94.66,94.43,10776.0,8895.0,8963.0
226,78731,Highland Park Elementary,203.0,30.330614,-97.759989,Travis County,Elementary,480894000320,96.66279,105.0,97.71,92.22457,308.0,93.27,91.74054,97.30256,290.0,87.0,93.53,98.0,10132.0,8938.0,8961.0
227,78731,Murchison Middle,83.0,30.354132,-97.758712,Travis County,Middle,480894000336,71.45171,473.0,79.02,67.79867,556.0,75.31,72.3703,78.17505,443.0,314.0,79.8,84.9,10888.0,9707.0,9182.0
228,78732,Canyon Ridge Middle,-50.0,30.365046,-97.902949,Travis County,Middle,482703011110,91.96314,113.0,94.99,95.33146,63.0,97.2,96.76411,97.51077,44.0,36.0,97.99,98.27,7928.0,6389.0,7290.0
229,78732,Laura Welch Bush Elementary,1.0,30.36607,-97.900333,Travis County,Elementary,482703009440,97.36772,81.0,98.23,98.20682,82.0,98.21,98.10524,97.57448,66.0,73.0,98.53,98.33,9650.0,7271.0,7956.0
230,78732,River Ridge Elementary,35.0,30.346319,-97.915729,Travis County,Elementary,482703011991,98.30244,41.0,99.1,98.41974,76.0,98.34,97.34175,96.22904,76.0,133.0,98.3,96.95,10130.0,7391.0,8405.0
231,78732,Steiner Ranch Elementary,-207.0,30.379053,-97.884145,Travis County,Elementary,482703007498,80.87422,714.0,84.41,86.9391,507.0,88.93,90.54524,94.68982,321.0,193.0,92.83,95.57,9982.0,6894.0,8175.0
232,78733,Barton Creek Elementary,-99.0,30.306848,-97.881012,Travis County,Elementary,481776021527,94.74207,183.0,96.01,98.16598,84.0,98.17,95.51102,94.8194,146.0,189.0,96.74,95.66,10183.0,10497.0,10850.0
233,78733,West Ridge Middle,14.0,30.302806,-97.883966,Travis County,Middle,481776006398,96.97148,44.0,98.05,95.79065,58.0,97.42,96.34661,97.30768,56.0,37.0,97.45,98.22,10155.0,10088.0,9799.0
234,78734,Hudson Bend Middle,-128.0,30.391035,-97.934852,Travis County,Middle,482647008945,74.62207,416.0,81.54,81.43398,288.0,87.21,91.00057,94.92968,141.0,74.0,93.57,96.44,9381.0,,
235,78734,Lake Travis Elementary,-844.0,30.370483,-97.944814,Travis County,Elementary,482647005762,42.8406,2553.0,44.27,56.32782,1709.0,62.67,64.93013,75.69898,1272.0,815.0,71.6,81.3,9539.0,,
236,78734,Lakeway Elementary,-231.0,30.352909,-97.976031,Travis County,Elementary,482647002520,87.44389,452.0,90.13,94.43308,221.0,95.17,94.54263,90.62933,186.0,322.0,95.85,92.61,9515.0,,
237,78735,Oak Hill Elementary,-254.0,30.238018,-97.858644,Travis County,Elementary,480894000339,63.20676,1459.0,68.15,68.07216,1205.0,73.68,62.94379,73.92119,1367.0,887.0,69.48,79.65,10839.0,9276.0,9063.0
238,78738,Bee Cave Elementary,-80.0,30.309203,-97.968308,Travis County,Elementary,482647008395,83.85949,606.0,86.77,86.36414,526.0,88.51,90.48585,89.46272,326.0,371.0,92.72,91.49,8933.0,,
239,78738,Bee Cave Middle,46.0,30.31388,-97.995188,Travis County,Middle,482647013703,95.37097,64.0,97.16,92.67054,110.0,95.12,,,,,,,8933.0,,
240,78738,Lake Pointe Elementary,-119.0,30.309468,-97.920704,Travis County,Elementary,482647009414,92.64355,257.0,94.39,96.68122,138.0,96.99,96.72677,97.13036,102.0,91.0,97.72,97.91,8782.0,,
241,78738,Lake Travis High School,14.0,30.327959,-97.966869,Travis County,High,482647005763,77.97787,239.0,87.26,77.92654,253.0,86.41,83.16158,83.09123,150.0,140.0,91.92,92.21,8574.0,,
242,78738,Serene Hills Elementary,59.0,30.348306,-97.996556,Travis County,Elementary,482647011479,84.15834,599.0,86.92,82.5142,658.0,85.63,85.68123,89.60631,488.0,366.0,89.1,91.6,9444.0,,
243,78739,Bailey Middle,490.0,30.16443,-97.872317,Travis County,Middle,480894005486,58.25851,771.0,65.79,41.47351,1261.0,44.01,69.06922,71.21035,504.0,446.0,77.02,78.56,9931.0,8788.0,9027.0
244,78739,Baldwin Elementary,254.0,30.184894,-97.923392,Travis County,Elementary,480894011064,95.6836,147.0,96.79,90.01398,401.0,91.24,82.36779,88.38302,611.0,408.0,86.36,90.64,9809.0,8566.0,8578.0
245,78739,Clayton Elementary,-4.0,30.195105,-97.906497,Travis County,Elementary,480894011061,96.98666,93.0,97.97,98.03775,89.0,98.06,95.96187,96.94813,127.0,97.0,97.16,97.77,10534.0,8999.0,9002.0
246,78739,Kiker Elementary,-248.0,30.191536,-97.881246,Travis County,Elementary,480894002776,88.13167,422.0,90.79,95.94337,174.0,96.2,97.17083,97.86098,81.0,66.0,98.19,98.49,10198.0,8470.0,8461.0
247,78741,Allison Elementary,425.0,30.236175,-97.691591,Travis County,Elementary,480894000291,20.18506,3932.0,14.17,12.74944,4357.0,4.83,22.87303,30.73577,3756.0,3139.0,16.14,27.99,13908.0,11886.0,11001.0
248,78741,Baty Elementary,-473.0,30.227016,-97.713072,Travis County,Elementary,481662006091,5.18516,4549.0,0.7,16.9697,4076.0,10.97,15.32726,17.70562,4137.0,3918.0,7.64,10.12,13170.0,12928.0,12101.0
249,78741,Idea Montopolis Academy,600.0,30.22629,-97.699061,Travis County,Elementary,480021112928,51.46866,2072.0,54.77,38.10119,2672.0,41.63,50.05453,55.92654,2046.0,1686.0,54.32,61.32,8904.0,10117.0,9441.0
250,78741,Idea Montopolis College Preparatory,151.0,30.22629,-97.699061,Travis County,High,480021112940,52.95598,800.0,57.36,47.42797,951.0,48.9,,,,,,,10904.0,12213.0,11100.0
251,78741,Linder Elementary,-6.0,30.224365,-97.737678,Travis County,Elementary,480894000329,19.91713,3947.0,13.84,18.98822,3941.0,13.91,28.71437,23.68884,3414.0,3601.0,23.78,17.39,14493.0,13057.0,14342.0
252,78741,The Excel Center For Adults Ayw,131.0,30.215556,-97.747353,Travis County,High,480144813951,17.45733,1581.0,15.72,9.11753,1712.0,8.01,,,,,,,8492.0,9675.0,
253,78744,Blazier Elementary,172.0,30.156173,-97.751461,Travis County,Elementary,480894011062,69.43074,1168.0,74.5,64.94784,1340.0,70.73,69.68274,60.0592,1083.0,1485.0,75.82,65.93,10709.0,9598.0,9370.0
254,78744,Harmony School Of Excellence - Austin,98.0,30.210365,-97.746605,Travis County,High,480024112424,34.5464,1238.0,34.01,29.29211,1336.0,28.21,,,,,,,11092.0,11474.0,10895.0
255,78744,Harmony School Of Innovation - Austin,1156.0,30.21007,-97.745391,Travis County,Elementary,480024113063,31.17613,3304.0,27.88,10.63051,4460.0,2.58,35.49553,43.91343,2993.0,2316.0,33.18,46.87,10051.0,10393.0,9506.0
256,78744,Hillcrest Elementary,263.0,30.165654,-97.729117,Travis County,Elementary,481662005695,17.68267,4067.0,11.22,13.27205,4330.0,5.42,17.02924,12.79823,4053.0,4156.0,9.51,4.66,13976.0,12706.0,13007.0
257,78744,Houston Elementary,313.0,30.197779,-97.75474,Travis County,Elementary,480894000322,14.1469,4239.0,7.47,7.53437,4552.0,0.57,14.92992,19.3064,4150.0,3844.0,7.35,11.81,14718.0,11588.0,11406.0
258,78744,Idea Bluff Springs Academy,1626.0,30.15393,-97.769126,Travis County,Elementary,480021113510,52.79697,1996.0,56.43,23.26921,3622.0,20.88,35.63763,,2985.0,,33.36,,10021.0,10121.0,10195.0
259,78744,John P Ojeda Middle,-287.0,30.190596,-97.712593,Travis County,Middle,481662009527,15.97009,2019.0,10.43,25.12243,1732.0,23.09,16.25506,16.53508,1975.0,1900.0,9.94,8.65,10352.0,11659.0,10896.0
260,78744,KIPP Austin Beacon Prep,30.0,30.202689,-97.75703,Travis County,Middle,480026412837,27.92995,1707.0,24.27,25.047,1737.0,22.87,56.39752,49.36303,789.0,961.0,64.02,53.8,10176.0,9972.0,10203.0
261,78745,Bedichek Middle,509.0,30.194664,-97.786616,Travis County,Middle,480894000299,30.74036,1608.0,28.66,11.98077,2117.0,5.99,24.57674,26.39313,1769.0,1642.0,19.33,21.06,13401.0,11256.0,11276.0
262,78745,Crockett Echs,-89.0,30.213911,-97.796551,Travis County,High,480894000310,26.97993,1399.0,25.43,30.25995,1310.0,29.61,35.9112,36.17743,1226.0,1141.0,33.98,36.51,11108.0,10540.0,11174.0
263,78745,Cunningham Elementary,449.0,30.209982,-97.806022,Travis County,Elementary,480894000311,61.14228,1545.0,66.27,50.68285,1994.0,56.44,37.82789,34.49964,2830.0,2906.0,36.82,33.33,13043.0,10718.0,10933.0
264,78745,Odom Elementary,821.0,30.205669,-97.789623,Travis County,Elementary,480894000341,31.48939,3288.0,28.23,16.54271,4109.0,10.24,25.35704,35.47161,3614.0,2840.0,19.31,34.85,13210.0,10643.0,10033.0
265,78745,Pleasant Hill Elementary,-331.0,30.196451,-97.776158,Travis County,Elementary,480894000347,21.38938,3865.0,15.63,24.69206,3534.0,22.8,24.17366,38.47231,3678.0,2651.0,17.88,39.18,12807.0,11307.0,11591.0
266,78746,Bridge Point Elementary,-136.0,30.339656,-97.805905,Travis County,Elementary,481776007742,90.79687,321.0,92.99,95.60656,185.0,95.96,92.76874,96.83,251.0,100.0,94.4,97.71,9781.0,9499.0,9453.0
267,78746,Cedar Creek Elementary,69.0,30.268906,-97.805906,Travis County,Elementary,481776001546,96.7297,103.0,97.75,95.98135,172.0,96.24,96.9759,93.55652,88.0,234.0,98.04,94.63,9735.0,9685.0,9624.0
268,78746,Eanes Elementary,-58.0,30.283164,-97.811418,Travis County,Elementary,481776001547,91.88818,288.0,93.71,94.2356,230.0,94.98,87.54292,89.68059,419.0,364.0,90.65,91.65,11119.0,10957.0,10615.0
269,78746,Forest Trail Elementary,-99.0,30.281195,-97.819719,Travis County,Elementary,481776005979,92.99971,242.0,94.72,96.50362,143.0,96.88,98.29725,97.2689,56.0,89.0,98.75,97.96,9953.0,10025.0,9835.0
270,78746,Hill Country Middle,18.0,30.271104,-97.803365,Travis County,Middle,481776001548,97.51892,36.0,98.4,96.31268,54.0,97.6,97.64724,97.70588,31.0,29.0,98.59,98.61,8884.0,9248.0,8970.0
271,78747,Wayside Altamira Academy,-385.0,30.136921,-97.776793,Travis County,Elementary,480004413290,28.05927,3477.0,24.1,31.23091,3092.0,32.46,14.74223,13.69596,4160.0,4121.0,7.12,5.46,10157.0,8720.0,8786.0
272,78748,Akins High School,8.0,30.14988,-97.801206,Travis County,High,480894008937,30.21103,1339.0,28.62,28.88766,1347.0,27.62,40.20969,41.45785,1116.0,1010.0,39.9,43.8,9934.0,9761.0,9525.0
273,78748,Baranoff Elementary,308.0,30.15406,-97.85202,Travis County,Elementary,480894008393,85.89863,522.0,88.61,77.51682,830.0,81.87,88.61407,90.98566,388.0,312.0,91.34,92.84,9751.0,8064.0,8090.0
274,78748,Casey Elementary,994.0,30.176906,-97.814857,Travis County,Elementary,480894008391,49.31167,2185.0,52.3,29.84467,3179.0,30.56,33.97278,39.81655,3090.0,2567.0,31.01,41.11,11742.0,10173.0,9696.0
275,78748,Cowan Elementary,872.0,30.18874,-97.833538,Travis County,Elementary,480894008940,81.50016,678.0,85.2,59.28831,1550.0,66.14,80.41053,85.34298,685.0,514.0,84.71,88.21,10694.0,9012.0,9203.0
276,78748,Kocurek Elementary,599.0,30.177985,-97.834894,Travis County,Elementary,480894006212,39.17204,2794.0,39.01,26.80405,3393.0,25.88,44.35324,36.36811,2407.0,2779.0,46.26,36.25,10782.0,9761.0,10021.0
277,78748,Menchaca Elementary,631.0,30.141147,-97.836202,Travis County,Elementary,480894000334,35.94732,3010.0,34.29,22.95691,3641.0,20.47,40.34454,38.13173,2660.0,2680.0,40.61,38.52,10370.0,9468.0,9529.0
278,78748,Paredes Middle School,71.0,30.167471,-97.811345,Travis County,Middle,480894008938,16.28283,2008.0,10.91,13.15074,2079.0,7.68,18.16275,29.56342,1931.0,1534.0,11.95,26.25,11325.0,9756.0,9991.0
279,78749,Boone Elementary,451.0,30.203694,-97.839849,Travis County,Elementary,480894006210,62.33587,1504.0,67.17,51.59078,1955.0,57.3,69.88903,69.72357,1066.0,1041.0,76.2,76.12,11405.0,9484.0,10024.0
280,78749,Bowie High School,-23.0,30.187626,-97.858648,Travis County,High,480894006508,82.55095,159.0,91.52,83.80332,136.0,92.69,88.90693,89.14136,63.0,66.0,96.61,96.33,9690.0,9172.0,8970.0
281,78749,Covington Middle,425.0,30.212846,-97.834284,Travis County,Middle,480894006208,44.01231,1191.0,47.16,29.03461,1616.0,28.24,38.17705,45.79227,1344.0,1062.0,38.71,48.94,11664.0,10045.0,11533.0
282,78749,Gorzycki Middle,68.0,30.2145,-97.891875,Travis County,Middle,480894011059,95.47564,60.0,97.34,91.72396,128.0,94.32,96.86734,97.07274,43.0,44.0,98.04,97.88,9292.0,8773.0,8804.0
283,78749,Mills Elementary,215.0,30.210955,-97.878234,Travis County,Elementary,480894008062,97.08196,87.0,98.1,92.30297,302.0,93.4,95.64482,96.57533,137.0,116.0,96.94,97.34,10340.0,8764.0,8581.0
284,78749,Patton Elementary,153.0,30.23173,-97.845238,Travis County,Elementary,480894006070,77.2841,866.0,81.1,72.29903,1019.0,77.74,68.11952,67.18092,1148.0,1149.0,74.37,73.64,10643.0,8921.0,8600.0
285,78749,Small Middle,599.0,30.233756,-97.841595,Travis County,Middle,480894008390,74.95012,405.0,82.03,50.9169,1004.0,55.42,76.04757,75.68433,378.0,356.0,82.76,82.88,10007.0,8858.0,8739.0
286,78750,Anderson Mill Elementary,145.0,30.452678,-97.806434,Williamson County,Elementary,483808004247,34.81843,3070.0,32.98,29.33745,3215.0,29.77,43.18159,42.31786,2488.0,2411.0,44.45,44.69,11639.0,10591.0,9503.0
287,78750,Canyon Vista Middle,37.0,30.428253,-97.78463,Travis County,Middle,483808006034,98.3724,19.0,99.16,96.14519,56.0,97.51,98.16586,98.3639,26.0,21.0,98.81,98.99,7693.0,7557.0,7162.0
288,78750,Four Points Middle,-145.0,30.396705,-97.829746,Travis County,Middle,482703012381,77.54724,367.0,83.72,85.55355,222.0,90.14,87.90626,92.01215,192.0,116.0,91.24,94.42,9508.0,7311.0,8176.0
289,78750,Noel Grisham Middle,34.0,30.456814,-97.807044,Williamson County,Middle,483808004251,80.76951,319.0,85.85,77.77766,353.0,84.33,78.56182,84.37031,334.0,220.0,84.77,89.42,9944.0,9596.0,9479.0
290,78750,Purple Sage Elementary,349.0,30.457058,-97.820177,Williamson County,Elementary,483808005804,84.43658,590.0,87.12,74.4307,939.0,79.49,79.05967,75.21889,738.0,837.0,83.52,80.8,10999.0,9655.0,9225.0
291,78750,Spicewood Elementary,-49.0,30.445057,-97.804267,Travis County,Elementary,483808004257,95.0134,175.0,96.18,96.87462,126.0,97.25,98.29845,98.6542,55.0,33.0,98.77,99.24,7940.0,7113.0,6854.0
292,78750,Vandegrift High School,31.0,30.398385,-97.824676,Travis County,High,482703012156,85.19052,120.0,93.6,82.81741,151.0,91.89,83.40276,87.66422,143.0,91.0,92.3,94.94,8581.0,6775.0,7986.0
293,78750,Westwood High School,-34.0,30.45603,-97.798071,Williamson County,High,483808005805,82.39128,160.0,91.47,84.43231,126.0,93.23,85.93697,88.14816,109.0,81.0,94.13,95.49,8566.0,8274.0,7943.0
294,78751,Ridgetop Elementary,246.0,30.311793,-97.716336,Travis County,Elementary,480894000352,90.06538,351.0,92.34,84.13758,597.0,86.96,73.36501,61.03664,944.0,1443.0,78.92,66.9,10668.0,9699.0,9846.0
295,78752,Brown Elementary,232.0,30.344778,-97.709081,Travis County,Elementary,480894000304,14.22616,4237.0,7.51,10.33867,4469.0,2.38,21.2389,30.70997,3854.0,3145.0,13.95,27.85,11359.0,13693.0,12344.0
296,78752,Cedars Academy Next Generation H S At Highland,434.0,30.327967,-97.70919,Travis County,High,480023213382,50.99617,854.0,54.48,31.16653,1288.0,30.79,41.54119,,1242.0,,43.37,,16529.0,17260.0,12506.0
297,78752,Northeast Early College High School,-7.0,30.324213,-97.691048,Travis County,High,480894000350,13.26129,1645.0,12.31,13.22356,1638.0,11.98,24.75991,25.31393,1439.0,1375.0,22.51,23.48,12692.0,11434.0,12293.0
298,78752,Pickle Elementary,406.0,30.333049,-97.693792,Travis County,Elementary,480894009078,19.79482,3952.0,13.73,12.74007,4358.0,4.81,23.33413,11.44521,3729.0,4207.0,16.74,3.49,13095.0,10412.0,12212.0
299,78752,Reilly Elementary,1035.0,30.327887,-97.71976,Travis County,Elementary,480894000351,62.79979,1480.0,67.69,40.88123,2515.0,45.06,71.90799,43.95327,994.0,2313.0,77.81,46.94,12828.0,11538.0,12834.0
300,78752,Webb Middle School,21.0,30.33331,-97.706987,Travis County,Middle,480894002468,6.56682,2206.0,2.13,6.94685,2227.0,1.11,9.88191,11.35473,2097.0,1980.0,4.38,4.81,13348.0,11871.0,11679.0
301,78753,Barrington Elementary,-138.0,30.361193,-97.695633,Travis County,Elementary,480894000296,12.38005,4315.0,5.81,15.49508,4177.0,8.76,7.30572,22.60391,4421.0,3660.0,1.29,16.04,12211.0,10108.0,11455.0
302,78753,Cedars International Academy,-115.0,30.348235,-97.695308,Travis County,Elementary,480023209075,31.17683,3303.0,27.9,29.71971,3188.0,30.36,,,,,,,10002.0,9599.0,9502.0
303,78753,Copperfield Elementary,428.0,30.388269,-97.659892,Travis County,Elementary,483483008065,46.93173,2320.0,49.36,36.59718,2748.0,39.97,39.72974,33.32303,2704.0,2985.0,39.63,31.52,12473.0,10490.0,11628.0
304,78753,Dobie Middle,10.0,30.35418,-97.680109,Travis County,Middle,480894000313,6.2416,2211.0,1.91,7.44351,2221.0,1.38,13.45348,13.59079,2041.0,1949.0,6.93,6.3,13147.0,11181.0,12875.0
305,78753,Graham Elementary,1223.0,30.372511,-97.669252,Travis County,Elementary,480894000317,54.34646,1910.0,58.31,30.62569,3133.0,31.56,90.15762,81.04559,336.0,643.0,92.5,85.25,12062.0,9873.0,10471.0
306,78753,Guerrero Thompson,1709.0,30.363864,-97.691655,Travis County,Elementary,480894011063,67.59759,1243.0,72.87,33.22311,2952.0,35.52,57.7479,60.42719,1634.0,1471.0,63.52,66.25,12547.0,10151.0,10544.0
307,78753,Harmony Science Academy - Austin,198.0,30.357408,-97.684729,Travis County,Elementary,480024109409,13.68213,4256.0,7.09,10.85396,4454.0,2.71,,,,,,,9608.0,9998.0,8891.0
308,78753,Hart Elementary,848.0,30.342492,-97.688729,Travis County,Elementary,480894008061,43.74626,2514.0,45.12,27.32686,3362.0,26.56,41.49079,45.69017,2596.0,2209.0,42.04,49.32,12529.0,11139.0,10555.0
309,78753,Idea Rundberg Academy,12.0,30.361042,-97.687821,Travis County,Elementary,480021113220,36.61835,2966.0,35.25,32.96948,2978.0,34.95,45.20135,20.33669,2333.0,3789.0,47.91,13.08,9271.0,9227.0,9375.0
310,78754,Bluebonnet Trail Elementary,1124.0,30.351549,-97.618503,Travis County,Elementary,482889005491,63.10437,1467.0,67.98,39.43948,2591.0,43.4,54.58779,43.48303,1784.0,2337.0,60.17,46.39,10808.0,10875.0,9451.0
311,78754,Dessau Elementary,-71.0,30.401839,-97.643645,Travis County,Elementary,483483006463,10.51268,4384.0,4.3,13.56559,4313.0,5.79,15.7554,22.81447,4118.0,3645.0,8.06,16.38,11144.0,10601.0,10044.0
312,78754,Dessau Middle,-162.0,30.39868,-97.643312,Travis County,Middle,483483008942,17.81687,1982.0,12.07,22.03753,1820.0,19.18,21.38127,21.67069,1857.0,1770.0,15.32,14.9,11624.0,11234.0,10918.0
313,78754,KIPP Austin College Prep,309.0,30.33561,-97.686071,Travis County,Middle,480026411055,41.23973,1285.0,42.99,29.59099,1594.0,29.22,62.85332,58.1383,633.0,698.0,71.14,66.44,10792.0,10414.0,10548.0
314,78754,KIPP Austin Collegiate,433.0,30.33561,-97.686071,Travis County,High,480026411782,53.72852,776.0,58.64,35.84353,1209.0,35.03,69.01577,64.78526,403.0,442.0,78.3,75.4,12434.0,11914.0,12460.0
315,78754,KIPP Austin Comunidad,-9.0,30.33561,-97.686071,Travis County,Elementary,480026412553,28.02003,3479.0,24.06,25.49137,3470.0,24.2,36.1859,40.72491,2943.0,2501.0,34.29,42.62,10750.0,9688.0,10099.0
316,78754,Pioneer Crossing Elementary,-25.0,30.362067,-97.639782,Travis County,Elementary,482889011988,43.0104,2549.0,44.36,40.78464,2524.0,44.87,52.93027,45.14287,1877.0,2235.0,58.09,48.73,12680.0,10379.0,9910.0
317,78754,Wilhelmina Delco Elementary,-106.0,30.399955,-97.645334,Travis County,Elementary,483483009411,33.36987,3163.0,30.95,31.70892,3057.0,33.22,,,,,,,11777.0,9852.0,10272.0
318,78756,McCallum High School,22.0,30.326565,-97.729715,Travis County,High,480894000333,79.12109,209.0,88.86,79.24529,231.0,87.59,81.92964,81.1751,161.0,170.0,91.33,90.54,10038.0,9726.0,9640.0
319,78757,Brentwood Elementary,48.0,30.339895,-97.731322,Travis County,Elementary,480894000302,92.13772,276.0,93.98,91.78421,324.0,92.92,90.54435,78.05498,322.0,737.0,92.81,83.09,11475.0,8801.0,9127.0
320,78757,Burnet Middle,45.0,30.364556,-97.725828,Travis County,Middle,480894000306,8.34536,2189.0,2.88,6.06004,2234.0,0.8,10.95122,13.18495,2081.0,1955.0,5.11,6.01,12305.0,11050.0,11615.0
321,78757,Gullett Elementary,-54.0,30.343798,-97.748694,Travis County,Elementary,480894000318,95.26155,162.0,96.46,97.17282,108.0,97.64,93.94326,94.20501,208.0,207.0,95.36,95.25,11385.0,9737.0,9465.0
322,78757,Lamar Middle School,222.0,30.337669,-97.740384,Travis County,Middle,480894000326,84.67311,226.0,89.97,72.96408,448.0,80.11,87.19378,82.25447,203.0,254.0,90.74,87.79,9174.0,8457.0,8982.0
323,78757,Pillow Elementary,-496.0,30.369199,-97.733212,Travis County,Elementary,480894000346,27.54348,3509.0,23.4,32.36306,3013.0,34.19,39.72627,31.25778,2706.0,3113.0,39.58,28.58,12144.0,10130.0,10549.0
324,78758,Cook Elementary,550.0,30.377944,-97.704836,Travis County,Elementary,480894000309,47.35655,2299.0,49.81,34.80571,2849.0,37.77,34.5288,45.44769,3057.0,2221.0,31.75,49.05,12005.0,10256.0,11098.0
325,78758,Graduation Prep Academy Navarro,-9.0,30.360598,-97.708042,Travis County,High,480894012824,1.75534,1868.0,0.43,1.30533,1859.0,0.11,4.9538,10.78185,1745.0,1601.0,6.03,10.91,10186.0,8800.0,9976.0
326,78758,Harmony School Of Science - Austin,408.0,30.400787,-97.708669,Travis County,Elementary,480024112574,61.64242,1534.0,66.51,51.93533,1942.0,57.58,62.0677,51.89133,1413.0,1901.0,68.45,56.39,9927.0,10272.0,9363.0
327,78758,McBee Elementary,978.0,30.383225,-97.691057,Travis County,Elementary,480894008939,32.17463,3236.0,29.36,14.9109,4214.0,7.95,50.53626,53.46148,2007.0,1826.0,55.19,58.11,12765.0,10932.0,11244.0
328,78758,Navarro Early College High School,35.0,30.360598,-97.708042,Travis County,High,480894000327,16.82875,1585.0,15.51,14.22151,1620.0,12.95,26.90396,25.66233,1406.0,1368.0,24.29,23.87,11644.0,11423.0,11668.0
329,78758,Padron Elementary,319.0,30.37379,-97.720215,Travis County,Elementary,480894011065,20.25096,3925.0,14.32,14.53251,4244.0,7.3,58.70048,61.81642,1581.0,1404.0,64.7,67.79,11980.0,9843.0,10334.0
330,78758,River Oaks Elementary,616.0,30.408748,-97.687098,Travis County,Elementary,483483005489,40.4036,2717.0,40.69,27.65888,3333.0,27.2,35.68464,38.69535,2981.0,2640.0,33.44,39.44,12864.0,12191.0,11907.0
331,78758,Settlement Home,174.0,30.365126,-97.713402,Travis County,High,480007108383,30.11878,1346.0,28.25,20.30404,1520.0,18.32,,,,,,,16877.0,20408.0,18359.0
332,78759,Anderson High School,-12.0,30.375754,-97.753617,Travis County,High,480894000292,72.97178,320.0,82.94,75.05708,308.0,83.45,80.0003,78.78123,185.0,200.0,90.04,88.87,9959.0,9251.0,9337.0
333,78759,Hill Elementary,41.0,30.376514,-97.748921,Travis County,Elementary,480894000321,94.38438,200.0,95.63,94.00583,241.0,94.74,92.31582,94.65949,273.0,194.0,93.9,95.55,10079.0,8416.0,8485.0
334,78759,Kathy Caraway Elementary,66.0,30.419875,-97.769418,Travis County,Elementary,483808004252,90.63944,325.0,92.91,90.25131,391.0,91.46,96.73565,96.13121,101.0,137.0,97.75,96.86,10217.0,7919.0,7129.0
335,78759,Laurel Mountain Elementary,-10.0,30.413758,-97.780755,Travis County,Elementary,483808006167,97.8476,65.0,98.58,98.9222,55.0,98.8,99.17296,99.13561,18.0,22.0,99.6,99.5,8784.0,8082.0,7964.0
